创建分享状态,分享文件上一级目录名称,分享名,分享地址,提取码,分享时间
成功,../04,为你打开独一无二的人生说明书,"我用夸克网盘分享了「为你打开独一无二的人生说明书」，点击链接即可保存。打开「夸克APP」，无需下载在线播放视频，畅享原画5倍速，支持电视投屏。
链接：https://pan.quark.cn/s/85128b2d2ae2",,2025-04-20 23:17
成功,../04,简小知《练字特训营》,"我用夸克网盘分享了「简小知《练字特训营》」，点击链接即可保存。打开「夸克APP」，无需下载在线播放视频，畅享原画5倍速，支持电视投屏。
链接：https://pan.quark.cn/s/28c37b7450df",,2025-04-20 23:17
成功,../04,快乐考生·英语字帖,"我用夸克网盘分享了「快乐考生·英语字帖」，点击链接即可保存。打开「夸克APP」，无需下载在线播放视频，畅享原画5倍速，支持电视投屏。
链接：https://pan.quark.cn/s/c721ea362514",,2025-04-20 23:17
成功,../04,改变人生的46堂心理课,"我用夸克网盘分享了「改变人生的46堂心理课」，点击链接即可保存。打开「夸克APP」，无需下载在线播放视频，畅享原画5倍速，支持电视投屏。
链接：https://pan.quark.cn/s/ac70f2ee8360",,2025-04-20 23:17
成功,../04,老吴高级情商私教课,"我用夸克网盘分享了「老吴高级情商私教课」，点击链接即可保存。打开「夸克APP」，无需下载在线播放视频，畅享原画5倍速，支持电视投屏。
链接：https://pan.quark.cn/s/dacc8620c59e",,2025-04-20 23:17
成功,../04,唯库《蜜桃臀训练营》,"我用夸克网盘分享了「唯库《蜜桃臀训练营》」，点击链接即可保存。打开「夸克APP」，无需下载在线播放视频，畅享原画5倍速，支持电视投屏。
链接：https://pan.quark.cn/s/44eda6885da8",,2025-04-20 23:17
成功,../04,小红书无货源最新螺旋起号法,"我用夸克网盘分享了「小红书无货源最新螺旋起号法」，点击链接即可保存。打开「夸克APP」，无需下载在线播放视频，畅享原画5倍速，支持电视投屏。
链接：https://pan.quark.cn/s/dbab7082e2dd",,2025-04-20 23:17
成功,../04,幼儿识字游戏卡片《四五快读迷宫》,"我用夸克网盘分享了「幼儿识字游戏卡片《四五快读迷宫》」，点击链接即可保存。打开「夸克APP」，无需下载在线播放视频，畅享原画5倍速，支持电视投屏。
链接：https://pan.quark.cn/s/dc3b8fbad706",,2025-04-20 23:17
成功,../04,企业新营销获客18招短视频模式,"我用夸克网盘分享了「企业新营销获客18招短视频模式」，点击链接即可保存。打开「夸克APP」，无需下载在线播放视频，畅享原画5倍速，支持电视投屏。
链接：https://pan.quark.cn/s/3b973b1dae23",,2025-04-20 23:17
成功,../04,三大体系成就百万大V营销课,"我用夸克网盘分享了「三大体系成就百万大V营销课」，点击链接即可保存。打开「夸克APP」，无需下载在线播放视频，畅享原画5倍速，支持电视投屏。
链接：https://pan.quark.cn/s/e7be4f7e674d",,2025-04-20 23:17
成功,../04,44节亲子关系疗愈特训营,"我用夸克网盘分享了「44节亲子关系疗愈特训营」，点击链接即可保存。打开「夸克APP」，无需下载在线播放视频，畅享原画5倍速，支持电视投屏。
链接：https://pan.quark.cn/s/20d01786d60c",,2025-04-20 23:17
成功,../04,聆听名家诵读精美散文,"我用夸克网盘分享了「聆听名家诵读精美散文」，点击链接即可保存。打开「夸克APP」，无需下载在线播放视频，畅享原画5倍速，支持电视投屏。
链接：https://pan.quark.cn/s/d01810bda612",,2025-04-20 23:17
成功,../04,急救常识 - 武汉大学,"我用夸克网盘分享了「急救常识 - 武汉大学」，点击链接即可保存。打开「夸克APP」，无需下载在线播放视频，畅享原画5倍速，支持电视投屏。
链接：https://pan.quark.cn/s/30d5b8f925c6",,2025-04-20 23:17
成功,../04,2023葵黑黑Blender第4期课程,"我用夸克网盘分享了「2023葵黑黑Blender第4期课程」，点击链接即可保存。打开「夸克APP」，无需下载在线播放视频，畅享原画5倍速，支持电视投屏。
链接：https://pan.quark.cn/s/9f86194349ab",,2025-04-20 23:17
成功,../04,读书博主必修课从0做读书账号(1),"我用夸克网盘分享了「读书博主必修课从0做读书账号(1)」，点击链接即可保存。打开「夸克APP」，无需下载在线播放视频，畅享原画5倍速，支持电视投屏。
链接：https://pan.quark.cn/s/c0cbc4705b8a",,2025-04-20 23:17
成功,../04,人人都可以学会的记忆术,"我用夸克网盘分享了「人人都可以学会的记忆术」，点击链接即可保存。打开「夸克APP」，无需下载在线播放视频，畅享原画5倍速，支持电视投屏。
链接：https://pan.quark.cn/s/8b0f76b3aa06",,2025-04-20 23:17
成功,../04,儿童拼音启蒙,"我用夸克网盘分享了「儿童拼音启蒙」，点击链接即可保存。打开「夸克APP」，无需下载在线播放视频，畅享原画5倍速，支持电视投屏。
链接：https://pan.quark.cn/s/4c3bd7f9a415",,2025-04-20 23:17
成功,../04,14天冥想入门深度放松好睡眠,"我用夸克网盘分享了「14天冥想入门深度放松好睡眠」，点击链接即可保存。打开「夸克APP」，无需下载在线播放视频，畅享原画5倍速，支持电视投屏。
链接：https://pan.quark.cn/s/38005eacb579",,2025-04-20 23:17
成功,../04,手把手教会你如何运营一个店铺,"我用夸克网盘分享了「手把手教会你如何运营一个店铺」，点击链接即可保存。打开「夸克APP」，无需下载在线播放视频，畅享原画5倍速，支持电视投屏。
链接：https://pan.quark.cn/s/b68f08e2ee31",,2025-04-20 23:17
成功,../04,恶魔奶爸Sam《影响100万人的英语学习方法》,"我用夸克网盘分享了「恶魔奶爸Sam《影响100万人的英语学习方法》」，点击链接即可保存。打开「夸克APP」，无需下载在线播放视频，畅享原画5倍速，支持电视投屏。
链接：https://pan.quark.cn/s/454403d03d8a",,2025-04-20 23:17
成功,../04,无器械徒手燃脂教程,"我用夸克网盘分享了「无器械徒手燃脂教程」，点击链接即可保存。打开「夸克APP」，无需下载在线播放视频，畅享原画5倍速，支持电视投屏。
链接：https://pan.quark.cn/s/3ff4d6765b4e",,2025-04-20 23:17
成功,../04,中小微企业老板财税必修课程,"我用夸克网盘分享了「中小微企业老板财税必修课程」，点击链接即可保存。打开「夸克APP」，无需下载在线播放视频，畅享原画5倍速，支持电视投屏。
链接：https://pan.quark.cn/s/e12d2af69658",,2025-04-20 23:17
成功,../04,小说推文项目粗暴实操全流程,"我用夸克网盘分享了「小说推文项目粗暴实操全流程」，点击链接即可保存。打开「夸克APP」，无需下载在线播放视频，畅享原画5倍速，支持电视投屏。
链接：https://pan.quark.cn/s/e5d1c658c018",,2025-04-20 23:17
成功,../04,学通审计实务要点从入门到精通课,"我用夸克网盘分享了「学通审计实务要点从入门到精通课」，点击链接即可保存。打开「夸克APP」，无需下载在线播放视频，畅享原画5倍速，支持电视投屏。
链接：https://pan.quark.cn/s/89e14e5e5b17",,2025-04-20 23:17
成功,../04,销售训练建立销售基础专业能力,"我用夸克网盘分享了「销售训练建立销售基础专业能力」，点击链接即可保存。打开「夸克APP」，无需下载在线播放视频，畅享原画5倍速，支持电视投屏。
链接：https://pan.quark.cn/s/c722db12286f",,2025-04-20 23:17
成功,../04,《高效磨耳朵》-英语听力练习,"我用夸克网盘分享了「《高效磨耳朵》-英语听力练习」，点击链接即可保存。打开「夸克APP」，无需下载在线播放视频，畅享原画5倍速，支持电视投屏。
链接：https://pan.quark.cn/s/58f4a2c68f2e",,2025-04-20 23:17
成功,../04,混沌前沿课2024【更新】,"我用夸克网盘分享了「混沌前沿课2024【更新】」，点击链接即可保存。打开「夸克APP」，无需下载在线播放视频，畅享原画5倍速，支持电视投屏。
链接：https://pan.quark.cn/s/64b1b0e6f1d9",,2025-04-20 23:17
成功,../04,11招带你玩转自媒体一看就会,"我用夸克网盘分享了「11招带你玩转自媒体一看就会」，点击链接即可保存。打开「夸克APP」，无需下载在线播放视频，畅享原画5倍速，支持电视投屏。
链接：https://pan.quark.cn/s/b448436d7a9b",,2025-04-20 23:17
成功,../04,时间管理法则,"我用夸克网盘分享了「时间管理法则」，点击链接即可保存。打开「夸克APP」，无需下载在线播放视频，畅享原画5倍速，支持电视投屏。
链接：https://pan.quark.cn/s/512a4e165153",,2025-04-20 23:17
成功,../04,Google Guava深入浅出课程,"我用夸克网盘分享了「Google Guava深入浅出课程」，点击链接即可保存。打开「夸克APP」，无需下载在线播放视频，畅享原画5倍速，支持电视投屏。
链接：https://pan.quark.cn/s/a5b1ca7b0a46",,2025-04-20 23:17
成功,../04,如何用口才润滑你的人际关系,"我用夸克网盘分享了「如何用口才润滑你的人际关系」，点击链接即可保存。打开「夸克APP」，无需下载在线播放视频，畅享原画5倍速，支持电视投屏。
链接：https://pan.quark.cn/s/0c651e578a1c",,2025-04-20 23:17
成功,../04,解决你玩琴路上95%的吉他问题,"我用夸克网盘分享了「解决你玩琴路上95%的吉他问题」，点击链接即可保存。打开「夸克APP」，无需下载在线播放视频，畅享原画5倍速，支持电视投屏。
链接：https://pan.quark.cn/s/c56df061da8e",,2025-04-20 23:17
成功,../04,3合1从0基础到自由交流英语,"我用夸克网盘分享了「3合1从0基础到自由交流英语」，点击链接即可保存。打开「夸克APP」，无需下载在线播放视频，畅享原画5倍速，支持电视投屏。
链接：https://pan.quark.cn/s/c74f0eb38275",,2025-04-20 23:17
成功,../04,真正适用于餐饮行业实用干货,"我用夸克网盘分享了「真正适用于餐饮行业实用干货」，点击链接即可保存。打开「夸克APP」，无需下载在线播放视频，畅享原画5倍速，支持电视投屏。
链接：https://pan.quark.cn/s/cde0bae779e9",,2025-04-20 23:17
成功,../04,万门大学《硬笔书法零基础入门》,"我用夸克网盘分享了「万门大学《硬笔书法零基础入门》」，点击链接即可保存。打开「夸克APP」，无需下载在线播放视频，畅享原画5倍速，支持电视投屏。
链接：https://pan.quark.cn/s/2b456ab32d28",,2025-04-20 23:17
成功,../04,手把手教你玩转小红书店铺课,"我用夸克网盘分享了「手把手教你玩转小红书店铺课」，点击链接即可保存。打开「夸克APP」，无需下载在线播放视频，畅享原画5倍速，支持电视投屏。
链接：https://pan.quark.cn/s/5c65f58ae3f8",,2025-04-20 23:17
成功,../04,一个技巧让你幽默感倍增社交必备,"我用夸克网盘分享了「一个技巧让你幽默感倍增社交必备」，点击链接即可保存。打开「夸克APP」，无需下载在线播放视频，畅享原画5倍速，支持电视投屏。
链接：https://pan.quark.cn/s/f616ef921243",,2025-04-20 23:17
成功,../04,21天状态提升训练营,"我用夸克网盘分享了「21天状态提升训练营」，点击链接即可保存。打开「夸克APP」，无需下载在线播放视频，畅享原画5倍速，支持电视投屏。
链接：https://pan.quark.cn/s/03f81e9bcc1d",,2025-04-20 23:17
成功,../04,如何构建品牌社群培养稳定用户,"我用夸克网盘分享了「如何构建品牌社群培养稳定用户」，点击链接即可保存。打开「夸克APP」，无需下载在线播放视频，畅享原画5倍速，支持电视投屏。
链接：https://pan.quark.cn/s/ed6098f7fe17",,2025-04-20 23:17
成功,../04,少儿英语启蒙《动物王国大冒险》,"我用夸克网盘分享了「少儿英语启蒙《动物王国大冒险》」，点击链接即可保存。打开「夸克APP」，无需下载在线播放视频，畅享原画5倍速，支持电视投屏。
链接：https://pan.quark.cn/s/e7e970800913",,2025-04-20 23:17
成功,../04,关系最近的5个人决定你财富水平,"我用夸克网盘分享了「关系最近的5个人决定你财富水平」，点击链接即可保存。打开「夸克APP」，无需下载在线播放视频，畅享原画5倍速，支持电视投屏。
链接：https://pan.quark.cn/s/e0f81cce4af9",,2025-04-20 23:17
成功,../04,2023让你的实体店抓住短视频红利,"我用夸克网盘分享了「2023让你的实体店抓住短视频红利」，点击链接即可保存。打开「夸克APP」，无需下载在线播放视频，畅享原画5倍速，支持电视投屏。
链接：https://pan.quark.cn/s/bf1ed87b428c",,2025-04-20 23:17
成功,../04,部编版小学语文《看拼音写词语(试卷)》,"我用夸克网盘分享了「部编版小学语文《看拼音写词语(试卷)》」，点击链接即可保存。打开「夸克APP」，无需下载在线播放视频，畅享原画5倍速，支持电视投屏。
链接：https://pan.quark.cn/s/f5cb94fe3910",,2025-04-20 23:17
成功,../04,DY七日瘦身美体基础梳理计划,"我用夸克网盘分享了「DY七日瘦身美体基础梳理计划」，点击链接即可保存。打开「夸克APP」，无需下载在线播放视频，畅享原画5倍速，支持电视投屏。
链接：https://pan.quark.cn/s/a6ca7b74d20a",,2025-04-20 23:17
成功,../04,轮滑基础教学(1),"我用夸克网盘分享了「轮滑基础教学(1)」，点击链接即可保存。打开「夸克APP」，无需下载在线播放视频，畅享原画5倍速，支持电视投屏。
链接：https://pan.quark.cn/s/262b1cc1a55c",,2025-04-20 23:17
成功,../04,精选英美原版绘本视频合集,"我用夸克网盘分享了「精选英美原版绘本视频合集」，点击链接即可保存。打开「夸克APP」，无需下载在线播放视频，畅享原画5倍速，支持电视投屏。
链接：https://pan.quark.cn/s/993e1c935371",,2025-04-20 23:17
成功,../04,新父母五门必修大课,"我用夸克网盘分享了「新父母五门必修大课」，点击链接即可保存。打开「夸克APP」，无需下载在线播放视频，畅享原画5倍速，支持电视投屏。
链接：https://pan.quark.cn/s/c38296a65c4d",,2025-04-20 23:17
成功,../04,91好课《麻静田园古诗词鉴赏与默写》(1-4季),"我用夸克网盘分享了「91好课《麻静田园古诗词鉴赏与默写》(1-4季)」，点击链接即可保存。打开「夸克APP」，无需下载在线播放视频，畅享原画5倍速，支持电视投屏。
链接：https://pan.quark.cn/s/9d9413172e21",,2025-04-20 23:17
成功,../04,高价成交实战班助你不销而销,"我用夸克网盘分享了「高价成交实战班助你不销而销」，点击链接即可保存。打开「夸克APP」，无需下载在线播放视频，畅享原画5倍速，支持电视投屏。
链接：https://pan.quark.cn/s/93f473ed06cb",,2025-04-20 23:17
成功,../04,2022孔玮女神全年进阶分享课,"我用夸克网盘分享了「2022孔玮女神全年进阶分享课」，点击链接即可保存。打开「夸克APP」，无需下载在线播放视频，畅享原画5倍速，支持电视投屏。
链接：https://pan.quark.cn/s/3f1c3d7c5da0",,2025-04-20 23:17
成功,../04,2023六文铜钱马克笔趣味创想,"我用夸克网盘分享了「2023六文铜钱马克笔趣味创想」，点击链接即可保存。打开「夸克APP」，无需下载在线播放视频，畅享原画5倍速，支持电视投屏。
链接：https://pan.quark.cn/s/281965423b40",,2025-04-20 23:17
成功,../04,TikTok影视账号渠道全套课程,"我用夸克网盘分享了「TikTok影视账号渠道全套课程」，点击链接即可保存。打开「夸克APP」，无需下载在线播放视频，畅享原画5倍速，支持电视投屏。
链接：https://pan.quark.cn/s/e8a9d3a23bff",,2025-04-20 23:17
成功,../04,2022概念场景原画进阶班第2期,"我用夸克网盘分享了「2022概念场景原画进阶班第2期」，点击链接即可保存。打开「夸克APP」，无需下载在线播放视频，畅享原画5倍速，支持电视投屏。
链接：https://pan.quark.cn/s/17c9608abff0",,2025-04-20 23:17
成功,../04,抖音精准起号方法论视频课,"我用夸克网盘分享了「抖音精准起号方法论视频课」，点击链接即可保存。打开「夸克APP」，无需下载在线播放视频，畅享原画5倍速，支持电视投屏。
链接：https://pan.quark.cn/s/e7921ac327c4",,2025-04-20 23:17
成功,../04,2024小红书变现课：小红书无货源电商课,"我用夸克网盘分享了「2024小红书变现课：小红书无货源电商课」，点击链接即可保存。打开「夸克APP」，无需下载在线播放视频，畅享原画5倍速，支持电视投屏。
链接：https://pan.quark.cn/s/b15fd42dc516",,2025-04-20 23:17
成功,../04,王晓芳职场晋升《伟大管理的12级阶梯》,"我用夸克网盘分享了「王晓芳职场晋升《伟大管理的12级阶梯》」，点击链接即可保存。打开「夸克APP」，无需下载在线播放视频，畅享原画5倍速，支持电视投屏。
链接：https://pan.quark.cn/s/6cb228d4cba3",,2025-04-20 23:17
成功,../04,2024短剧0基础剪辑师训练营,"我用夸克网盘分享了「2024短剧0基础剪辑师训练营」，点击链接即可保存。打开「夸克APP」，无需下载在线播放视频，畅享原画5倍速，支持电视投屏。
链接：https://pan.quark.cn/s/7fc79ab2d43c",,2025-04-20 23:17
成功,../04,儿童象棋教程《国际象棋零基础教学》,"我用夸克网盘分享了「儿童象棋教程《国际象棋零基础教学》」，点击链接即可保存。打开「夸克APP」，无需下载在线播放视频，畅享原画5倍速，支持电视投屏。
链接：https://pan.quark.cn/s/9eb6db032f2f",,2025-04-20 23:17
成功,../04,洞悉真相学习强者的思维30节课,"我用夸克网盘分享了「洞悉真相学习强者的思维30节课」，点击链接即可保存。打开「夸克APP」，无需下载在线播放视频，畅享原画5倍速，支持电视投屏。
链接：https://pan.quark.cn/s/f49ecece9586",,2025-04-20 23:17
成功,../04,曹昱：活出自定义的成长人生,"我用夸克网盘分享了「曹昱：活出自定义的成长人生」，点击链接即可保存。打开「夸克APP」，无需下载在线播放视频，畅享原画5倍速，支持电视投屏。
链接：https://pan.quark.cn/s/18ac32f7a247",,2025-04-20 23:17
成功,../04,邹勇妇科7天特训营12种妇科常见症候特色辩证临床诊断课件,"我用夸克网盘分享了「邹勇妇科7天特训营12种妇科常见症候特色辩证临床诊断课件」，点击链接即可保存。打开「夸克APP」，无需下载在线播放视频，畅享原画5倍速，支持电视投屏。
链接：https://pan.quark.cn/s/97b9228770c9",,2025-04-20 23:17
成功,../04,蔡老师的AI创作者训练营课程,"我用夸克网盘分享了「蔡老师的AI创作者训练营课程」，点击链接即可保存。打开「夸克APP」，无需下载在线播放视频，畅享原画5倍速，支持电视投屏。
链接：https://pan.quark.cn/s/28366d64e528",,2025-04-20 23:17
成功,../04,外挂大脑训练营（用印象笔记来管理知识）,"我用夸克网盘分享了「外挂大脑训练营（用印象笔记来管理知识）」，点击链接即可保存。打开「夸克APP」，无需下载在线播放视频，畅享原画5倍速，支持电视投屏。
链接：https://pan.quark.cn/s/e53ee72a4a92",,2025-04-20 23:17
成功,../04,佩妮老师 9大能力全能育儿课(0-7家长课),"我用夸克网盘分享了「佩妮老师 9大能力全能育儿课(0-7家长课)」，点击链接即可保存。打开「夸克APP」，无需下载在线播放视频，畅享原画5倍速，支持电视投屏。
链接：https://pan.quark.cn/s/3cd3bfe612a1",,2025-04-20 23:17
成功,../04,怎样成为直播间的绝对“掌控者”,"我用夸克网盘分享了「怎样成为直播间的绝对“掌控者”」，点击链接即可保存。打开「夸克APP」，无需下载在线播放视频，畅享原画5倍速，支持电视投屏。
链接：https://pan.quark.cn/s/6a21ec7c177b",,2025-04-20 23:17
成功,../04,鎏酸游泳教学视频,"我用夸克网盘分享了「鎏酸游泳教学视频」，点击链接即可保存。打开「夸克APP」，无需下载在线播放视频，畅享原画5倍速，支持电视投屏。
链接：https://pan.quark.cn/s/6dcd65703c0f",,2025-04-20 23:17
成功,../04,费曼学习法7天特战营,"我用夸克网盘分享了「费曼学习法7天特战营」，点击链接即可保存。打开「夸克APP」，无需下载在线播放视频，畅享原画5倍速，支持电视投屏。
链接：https://pan.quark.cn/s/cf42ace3e80b",,2025-04-20 23:17
成功,../04,方块熊STEAM数学思维启蒙课,"我用夸克网盘分享了「方块熊STEAM数学思维启蒙课」，点击链接即可保存。打开「夸克APP」，无需下载在线播放视频，畅享原画5倍速，支持电视投屏。
链接：https://pan.quark.cn/s/56fd4bf5643b",,2025-04-20 23:17
成功,../04,21天英语边唱边学,"我用夸克网盘分享了「21天英语边唱边学」，点击链接即可保存。打开「夸克APP」，无需下载在线播放视频，畅享原画5倍速，支持电视投屏。
链接：https://pan.quark.cn/s/5ddf542bdca7",,2025-04-20 23:17
成功,../04,2023公考面试通识课理论+刷题,"我用夸克网盘分享了「2023公考面试通识课理论+刷题」，点击链接即可保存。打开「夸克APP」，无需下载在线播放视频，畅享原画5倍速，支持电视投屏。
链接：https://pan.quark.cn/s/1997aac978d2",,2025-04-20 23:17
成功,../04,大圣2024幼儿园教资面试护航优学班,"我用夸克网盘分享了「大圣2024幼儿园教资面试护航优学班」，点击链接即可保存。打开「夸克APP」，无需下载在线播放视频，畅享原画5倍速，支持电视投屏。
链接：https://pan.quark.cn/s/4137b5b84c2d",,2025-04-20 23:17
成功,../04,给孩子的高分作文课,"我用夸克网盘分享了「给孩子的高分作文课」，点击链接即可保存。打开「夸克APP」，无需下载在线播放视频，畅享原画5倍速，支持电视投屏。
链接：https://pan.quark.cn/s/524ed3943a29",,2025-04-20 23:17
成功,../04,王丹的趣味世界地理故事,"我用夸克网盘分享了「王丹的趣味世界地理故事」，点击链接即可保存。打开「夸克APP」，无需下载在线播放视频，畅享原画5倍速，支持电视投屏。
链接：https://pan.quark.cn/s/9bf9deb7f63e",,2025-04-20 23:17
成功,../04,塑身操全集,"我用夸克网盘分享了「塑身操全集」，点击链接即可保存。打开「夸克APP」，无需下载在线播放视频，畅享原画5倍速，支持电视投屏。
链接：https://pan.quark.cn/s/3b558c167989",,2025-04-20 23:17
成功,../04,让你做短视频带货变得更加简单(1),"我用夸克网盘分享了「让你做短视频带货变得更加简单(1)」，点击链接即可保存。打开「夸克APP」，无需下载在线播放视频，畅享原画5倍速，支持电视投屏。
链接：https://pan.quark.cn/s/97315b6ca354",,2025-04-20 23:17
成功,../04,手把手教你零基础写作，业余时间月入过万,"我用夸克网盘分享了「手把手教你零基础写作，业余时间月入过万」，点击链接即可保存。打开「夸克APP」，无需下载在线播放视频，畅享原画5倍速，支持电视投屏。
链接：https://pan.quark.cn/s/b6d7035c3321",,2025-04-20 23:17
成功,../04,清华附小《妙解成语》95集动画,"我用夸克网盘分享了「清华附小《妙解成语》95集动画」，点击链接即可保存。打开「夸克APP」，无需下载在线播放视频，畅享原画5倍速，支持电视投屏。
链接：https://pan.quark.cn/s/3f3c57a37441",,2025-04-20 23:17
成功,../04,四大审计经理讲审计助理实操(1),"我用夸克网盘分享了「四大审计经理讲审计助理实操(1)」，点击链接即可保存。打开「夸克APP」，无需下载在线播放视频，畅享原画5倍速，支持电视投屏。
链接：https://pan.quark.cn/s/70398eceea90",,2025-04-20 23:17
成功,../04,教你如何玩转抖音招商团长业务(1),"我用夸克网盘分享了「教你如何玩转抖音招商团长业务(1)」，点击链接即可保存。打开「夸克APP」，无需下载在线播放视频，畅享原画5倍速，支持电视投屏。
链接：https://pan.quark.cn/s/8210e9e5c830",,2025-04-20 23:17
成功,../04,全面预算的编制执行与控制课,"我用夸克网盘分享了「全面预算的编制执行与控制课」，点击链接即可保存。打开「夸克APP」，无需下载在线播放视频，畅享原画5倍速，支持电视投屏。
链接：https://pan.quark.cn/s/209e3be57b24",,2025-04-20 23:17
成功,../04,打造你的引流转化团队系统杀手锏,"我用夸克网盘分享了「打造你的引流转化团队系统杀手锏」，点击链接即可保存。打开「夸克APP」，无需下载在线播放视频，畅享原画5倍速，支持电视投屏。
链接：https://pan.quark.cn/s/09c5b6eb0f21",,2025-04-20 23:17
成功,../04,老板想听有说服力的工作汇报,"我用夸克网盘分享了「老板想听有说服力的工作汇报」，点击链接即可保存。打开「夸克APP」，无需下载在线播放视频，畅享原画5倍速，支持电视投屏。
链接：https://pan.quark.cn/s/64fa04c5f745",,2025-04-20 23:17
成功,../04,面试通关全攻略,"我用夸克网盘分享了「面试通关全攻略」，点击链接即可保存。打开「夸克APP」，无需下载在线播放视频，畅享原画5倍速，支持电视投屏。
链接：https://pan.quark.cn/s/cc0b09e12525",,2025-04-20 23:17
成功,../04,从0到1成为金牌全能主播2.0,"我用夸克网盘分享了「从0到1成为金牌全能主播2.0」，点击链接即可保存。打开「夸克APP」，无需下载在线播放视频，畅享原画5倍速，支持电视投屏。
链接：https://pan.quark.cn/s/d92ebf4e1e64",,2025-04-20 23:17
成功,../04,2023熬夜的阿丢暑期绘画速写班,"我用夸克网盘分享了「2023熬夜的阿丢暑期绘画速写班」，点击链接即可保存。打开「夸克APP」，无需下载在线播放视频，畅享原画5倍速，支持电视投屏。
链接：https://pan.quark.cn/s/9eceb2cb5cf1",,2025-04-20 23:17
成功,../04,2023年第三期仿水彩头像团练,"我用夸克网盘分享了「2023年第三期仿水彩头像团练」，点击链接即可保存。打开「夸克APP」，无需下载在线播放视频，畅享原画5倍速，支持电视投屏。
链接：https://pan.quark.cn/s/9848b7eb61ac",,2025-04-20 23:17
成功,../04,24年全域电商矩阵109节线上课,"我用夸克网盘分享了「24年全域电商矩阵109节线上课」，点击链接即可保存。打开「夸克APP」，无需下载在线播放视频，畅享原画5倍速，支持电视投屏。
链接：https://pan.quark.cn/s/3a7928988d03",,2025-04-20 23:17
成功,../04,快手美女号全自动变现训练营,"我用夸克网盘分享了「快手美女号全自动变现训练营」，点击链接即可保存。打开「夸克APP」，无需下载在线播放视频，畅享原画5倍速，支持电视投屏。
链接：https://pan.quark.cn/s/1335a801bc0b",,2025-04-20 23:17
成功,../04,考虫雅思系统班,"我用夸克网盘分享了「考虫雅思系统班」，点击链接即可保存。打开「夸克APP」，无需下载在线播放视频，畅享原画5倍速，支持电视投屏。
链接：https://pan.quark.cn/s/1461fe9d4762",,2025-04-20 23:17
成功,../04,2023个人商业插画价值提升课,"我用夸克网盘分享了「2023个人商业插画价值提升课」，点击链接即可保存。打开「夸克APP」，无需下载在线播放视频，畅享原画5倍速，支持电视投屏。
链接：https://pan.quark.cn/s/1e8e659999e9",,2025-04-20 23:17
成功,../04,集群开发大健康体检双系统课程,"我用夸克网盘分享了「集群开发大健康体检双系统课程」，点击链接即可保存。打开「夸克APP」，无需下载在线播放视频，畅享原画5倍速，支持电视投屏。
链接：https://pan.quark.cn/s/8627680cd263",,2025-04-20 23:17
成功,../04,43节童装抖店入门实战训练营,"我用夸克网盘分享了「43节童装抖店入门实战训练营」，点击链接即可保存。打开「夸克APP」，无需下载在线播放视频，畅享原画5倍速，支持电视投屏。
链接：https://pan.quark.cn/s/a3ea75b0bb9c",,2025-04-20 23:17
成功,../04,高情商沟通甜点课,"我用夸克网盘分享了「高情商沟通甜点课」，点击链接即可保存。打开「夸克APP」，无需下载在线播放视频，畅享原画5倍速，支持电视投屏。
链接：https://pan.quark.cn/s/ba943ae41f6e",,2025-04-20 23:17
成功,../04,2023综合材料拼贴插画实验室,"我用夸克网盘分享了「2023综合材料拼贴插画实验室」，点击链接即可保存。打开「夸克APP」，无需下载在线播放视频，畅享原画5倍速，支持电视投屏。
链接：https://pan.quark.cn/s/d171af346f25",,2025-04-20 23:17
成功,../04,王纪琼家庭教育课程合集,"我用夸克网盘分享了「王纪琼家庭教育课程合集」，点击链接即可保存。打开「夸克APP」，无需下载在线播放视频，畅享原画5倍速，支持电视投屏。
链接：https://pan.quark.cn/s/dad7b9241806",,2025-04-20 23:17
成功,../04,给孩子的创新实验室20集（完结）,"我用夸克网盘分享了「给孩子的创新实验室20集（完结）」，点击链接即可保存。打开「夸克APP」，无需下载在线播放视频，畅享原画5倍速，支持电视投屏。
链接：https://pan.quark.cn/s/54f74ffe31c4",,2025-04-20 23:17
成功,../04,用一本书多方位提高自我实用实践课,"我用夸克网盘分享了「用一本书多方位提高自我实用实践课」，点击链接即可保存。打开「夸克APP」，无需下载在线播放视频，畅享原画5倍速，支持电视投屏。
链接：https://pan.quark.cn/s/c2d92f078e1a",,2025-04-20 23:17
成功,../04,人生的自我管理必修课程,"我用夸克网盘分享了「人生的自我管理必修课程」，点击链接即可保存。打开「夸克APP」，无需下载在线播放视频，畅享原画5倍速，支持电视投屏。
链接：https://pan.quark.cn/s/023371af0612",,2025-04-20 23:17
成功,../04,2024国考980系统班,"我用夸克网盘分享了「2024国考980系统班」，点击链接即可保存。打开「夸克APP」，无需下载在线播放视频，畅享原画5倍速，支持电视投屏。
链接：https://pan.quark.cn/s/b7af1962ae6c",,2025-04-20 23:17
成功,../04,2023京东店群整套实操视频教程,"我用夸克网盘分享了「2023京东店群整套实操视频教程」，点击链接即可保存。打开「夸克APP」，无需下载在线播放视频，畅享原画5倍速，支持电视投屏。
链接：https://pan.quark.cn/s/aa0998dab9b9",,2025-04-20 23:17
